user_a,user_b,jaccard
197,600,0.500000
197,826,0.512987
328,788,0.672956
408,898,0.838710
451,489,0.533333
489,587,0.629921
554,764,0.517007
600,826,0.545455
674,879,0.521739
800,879,0.500000
