user_a,user_b,estimate
112,784,0.500000
151,716,0.510000
217,619,0.500000
229,656,0.500000
271,474,0.530000
276,417,0.500000
328,788,0.670000
367,368,0.500000
378,864,0.520000
408,898,0.870000
451,489,0.500000
474,524,0.500000
474,716,0.510000
489,587,0.530000
554,764,0.550000
600,826,0.500000
674,879,0.530000
